"index","inbag","oob"
1,1,1
2,0.998000667111185,0.997001501500374
3,0.996005331554371,0.994011993994001
4,0.994013985337559,0.9910314505214
5,0.992026620484732,0.98805984420393
6,0.990043229035817,0.985097148243545
7,0.988063803046657,0.982143335922551
8,0.986088334588978,0.97919838060337
9,0.984116815750358,0.976262255728295
10,0.982149238634192,0.973334934819253
11,0.980185595359666,0.970416391477564
12,0.978225878061721,0.967506599383707
13,0.976270078891023,0.964605532297077
14,0.97431819001393,0.961713164055753
15,0.972370203612464,0.958829468576262
16,0.970426111884278,0.95595441985334
17,0.968485907042623,0.953087991959699
18,0.966549581316319,0.950230159045797
19,0.964617126949723,0.947380895339599
20,0.962688536202699,0.944540175146349
21,0.960763801350583,0.941707972848337
22,0.95884291468416,0.938884262904666
23,0.956925868509625,0.936069019851024
24,0.955012655148556,0.933262218299455
25,0.953103266937883,0.930463832938127
26,0.951197696229858,0.927673838531106
27,0.94929593539202,0.924892209918128
28,0.947397976807173,0.922118922014374
29,0.945503812873345,0.919353949810237
30,0.943613436003768,0.916597268371106
31,0.941726838626838,0.913848852837135
32,0.939844013186092,0.911108678423018
33,0.937964952140173,0.908376720417771
34,0.936089647962803,0.905652954184504
35,0.934218093142752,0.9029373551602
36,0.932350280183806,0.900229898855496
37,0.930486201604739,0.89753056085446
38,0.928625849939282,0.89483931681437
39,0.926769217736095,0.892156142465496
40,0.924916297558734,0.889481013610881
41,0.923067081985623,0.886813906126124
42,0.921221563610027,0.884154795959158
43,0.919379735040016,0.881503659130037
44,0.917541588898441,0.878860471730722
45,0.915707117822901,0.876225209924857
46,0.913876314465715,0.873597849947563
47,0.912049171493895,0.870978368105219
48,0.910225681589111,0.868366740775249
49,0.908405837447666,0.86576294440591
50,0.906589631780466,0.863166955516078
51,0.904777057312988,0.860578750695036
52,0.902968106785257,0.857998306602268
53,0.901162772951811,0.85542559996724
54,0.899361048581672,0.852860607589196
55,0.897562926458324,0.850303306336951
56,0.895768399379675,0.847753673148673
57,0.893977460158034,0.845211685031684
58,0.892190101620081,0.842677319062251
59,0.890406316606837,0.840150552385374
60,0.888626097973636,0.837631362214587
61,0.886849438590098,0.835119725831747
62,0.885076331340098,0.832615620586833
63,0.883306769121738,0.830119023897739
64,0.88154074484732,0.827629913250071
65,0.879778251443317,0.825148266196945
66,0.878019281850342,0.822674060358785
67,0.876263829023125,0.820207273423118
68,0.87451188593048,0.817747883144377
69,0.87276344555528,0.815295867343697
70,0.871018500894426,0.812851203908716
71,0.869277044958821,0.810413870793377
72,0.867539070773343,0.807983846017727
73,0.865804571376814,0.805561107667721
74,0.864073539821974,0.803145633895023
75,0.862345969175454,0.800737402916808
76,0.860621852517744,0.798336393015568
77,0.858901182943173,0.795942582538914
78,0.857183953559872,0.793555949899383
79,0.855470157489756,0.791176473574241
80,0.853759787868487,0.78880413210529
81,0.852052837845454,0.786438904098674
82,0.850349300583741,0.784080768224687
83,0.848649169260104,0.78172970321758
84,0.846952437064936,0.779385687875369
85,0.845259097202251,0.777048701059645
86,0.843569142889644,0.774718721695382
87,0.841882567358275,0.772395728770746
88,0.840199363852836,0.77007970133691
89,0.838519525631524,0.767770618507859
90,0.836843045966015,0.765468459460207
91,0.835169918141439,0.763173203433005
92,0.83350013545635,0.760884829727557
93,0.831833691222701,0.758603317707231
94,0.830170578765815,0.756328646797275
95,0.828510791424362,0.754060796484629
96,0.826854322550329,0.751799746317744
97,0.825201165508996,0.749545475906391
98,0.823551313678905,0.747297964921485
99,0.82190476045184,0.745057193094894
100,0.820261499232795,0.742823140219264
101,0.818621523439951,0.74059578614783
102,0.816984826504645,0.738375110794236
103,0.815351401871352,0.736161094132359
104,0.813721242997649,0.73395371619612
105,0.812094343354197,0.731752957079312
106,0.810470696424708,0.729558796935413
107,0.808850295705925,0.727371215977413
108,0.807233134707593,0.725190194477634
109,0.805619206952431,0.72301571276755
110,0.80400850597611,0.720847751237611
111,0.802401025327225,0.718686290337066
112,0.80079675856727,0.716531310573789
113,0.79919569927061,0.714382792514099
114,0.797597841024458,0.712240716782587
115,0.796003177428851,0.710105064061942
116,0.794411702096616,0.707975815092776
117,0.792823408653355,0.705852950673449
118,0.791238290737412,0.703736451659899
119,0.789656341999851,0.701626298965465
120,0.788077556104429,0.699522473560719
121,0.786501926727573,0.697424956473293
122,0.78492944755835,0.695333728787706
123,0.783360112298447,0.693248771645197
124,0.781793914662143,0.691170066243552
125,0.780230848376284,0.689097593836935
126,0.778670907180257,0.687031335735719
127,0.777114084825968,0.68497127330632
128,0.775560375077815,0.682917387971024
129,0.77400977171266,0.680869661207825
130,0.772462268519811,0.678828074550253
131,0.770917859300991,0.67679260958721
132,0.769376537870315,0.674763247962805
133,0.767838298054269,0.672739971376186
134,0.766303133691677,0.670722761581377
135,0.764771038633685,0.66871160038711
136,0.763242006743732,0.666706469656667
137,0.761716031897524,0.664707351307711
138,0.760193107983014,0.662714227312125
139,0.758673228900373,0.660727079695849
140,0.757156388561969,0.658745890538719
141,0.755642580892341,0.656770641974304
142,0.754131799828174,0.654801316189746
143,0.752624039318276,0.652837895425598
144,0.751119293323555,0.650880361975666
145,0.749617555816989,0.648928698186846
146,0.748118820783611,0.646982886458969
147,0.746623082220477,0.645042909244638
148,0.745130334136646,0.643108749049074
149,0.743640570553153,0.641180388429955
150,0.742153785502988,0.639257809997258
151,0.740669973031074,0.637340996413107
152,0.739189127194235,0.635429930391613
153,0.737711242061181,0.633524594698716
154,0.73623631171248,0.631624972152037
155,0.734764330240534,0.629731045620713
156,0.733295291749556,0.627842798025251
157,0.731829190355548,0.625960212337372
158,0.730366020186275,0.624083271579853
159,0.728905775381244,0.622211958826379
160,0.727448450091677,0.620346257201389
161,0.725994038480491,0.618486149879923
162,0.724542534722274,0.616631620087469
163,0.723093933003258,0.614782651099815
164,0.721648227521302,0.612939226242896
165,0.720205412485864,0.611101328892645
166,0.718765482117978,0.609268942474841
167,0.717328430650235,0.607442050464962
168,0.715894252326754,0.605620636388033
169,0.714462941403164,0.603804683818482
170,0.713034492146577,0.601994176379985
171,0.711608898835569,0.600189097745326
172,0.710186155760154,0.598389431636245
173,0.708766257221761,0.596595161823292
174,0.707349197533216,0.594806272125681
175,0.70593497101871,0.593022746411145
176,0.704523572013788,0.591244568595787
177,0.703114994865316,0.589471722643941
178,0.701709233931463,0.587704192568021
179,0.700306283581678,0.585941962428383
180,0.69890613819667,0.584185016333173
181,0.697508792168379,0.582433338438195
182,0.696114239899959,0.580686912946756
183,0.694722475805754,0.578945724109533
184,0.693333494311277,0.577209756224426
185,0.691947289853184,0.575478993636418
186,0.690563856879254,0.573753420737433
187,0.689183189848368,0.572033021966197
188,0.687805283230486,0.570317781808095
189,0.686430131506623,0.568607684795033
190,0.685057729168828,0.5669027155053
191,0.683688070720164,0.565202858563424
192,0.682321150674683,0.563508098640037
193,0.680956963557405,0.561818420451738
194,0.679595503904297,0.560133808760952
195,0.67823676626225,0.558454248375792
196,0.676880745189059,0.556779724149928
197,0.675527435253397,0.555110220982443
198,0.674176831034798,0.5534457238177
199,0.672828927123633,0.551786217645208
200,0.671483718121089,0.550131687499485
201,0.670141198639146,0.548482118459922
202,0.668801363300557,0.546837495650648
203,0.667464206738825,0.545197804240401
204,0.666129723598186,0.543563029442387
205,0.664797908533579,0.541933156514152
206,0.663468756210632,0.540308170757447
207,0.662142261305639,0.538688057518095
208,0.660818418505537,0.537072802185861
209,0.659497222507884,0.535462390194317
210,0.658178668020842,0.533856807020713
211,0.656862749763151,0.532256038185847
212,0.655549462464112,0.53066006925393
213,0.654238800863563,0.529068885832461
214,0.652930759711858,0.527482473572094
215,0.651625333769847,0.525900818166509
216,0.650322517808856,0.524323905352285
217,0.649022306610664,0.522751720908768
218,0.647724694967483,0.521184250657947
219,0.646429677681936,0.51962148046432
220,0.645137249567041,0.518063396234775
221,0.643847405446182,0.516509983918454
222,0.642560140153095,0.514961229506633
223,0.641275448531846,0.513417119032592
224,0.639993325436806,0.511877638571491
225,0.638713765732639,0.510342774240242
226,0.637436764294271,0.508812512197388
227,0.636162316006877,0.507286838642974
228,0.63489041576586,0.505765739818423
229,0.633621058476826,0.504249202006415
230,0.632354239055568,0.502737211530762
231,0.631089952428042,0.501229754756281
232,0.629828193530352,0.499726818088676
233,0.628568957308724,0.498228387974415
234,0.627312238719489,0.496734450900603
235,0.626058032729061,0.495244993394865
236,0.624806334313919,0.493760002025223
237,0.623557138460585,0.492279463399976
238,0.622310440165606,0.490803364167574
239,0.62106623443553,0.489331691016507
240,0.61982451628689,0.487864430675175
241,0.618585280746184,0.486401569911774
242,0.617348522849852,0.484943095534178
243,0.616114237644257,0.483488994389816
244,0.614882420185667,0.482039253365552
245,0.613653065540236,0.480593859387575
246,0.612426168783979,0.479152799421272
247,0.611201725002759,0.477716060471116
248,0.60997972929226,0.476283629580546
249,0.608760176757976,0.474855493831853
250,0.607543062515183,0.473431640346059
251,0.606328381688925,0.472012056282806
252,0.605116129413992,0.470596728840237
253,0.603906300834902,0.469185645254881
254,0.602698891105881,0.467778792801538
255,0.601493895390841,0.466376158793166
256,0.600291308863364,0.464977730580764
257,0.599091126706684,0.463583495553258
258,0.597893344113662,0.462193441137391
259,0.596697956286772,0.460807554797603
260,0.595504958438079,0.459425824035927
261,0.594314345789222,0.458048236391866
262,0.593126113571391,0.456674779442289
263,0.591940257025313,0.455305440801314
264,0.590756771401228,0.4539402081202
265,0.589575651958876,0.452579069087232
266,0.58839689396747,0.451222011427612
267,0.587220492705684,0.449869022903348
268,0.586046443461632,0.448520091313144
269,0.584874741532846,0.44717520449229
270,0.583705382226262,0.44583435031255
271,0.582538360858199,0.444497516682057
272,0.581373672754339,0.443164691545198
273,0.58021131324971,0.441835862882513
274,0.579051277688667,0.440511018710579
275,0.577893561424874,0.439190147081907
276,0.576738159821283,0.437873236084831
277,0.575585068250118,0.436560273843405
278,0.574434282092855,0.435251248517289
279,0.573285796740204,0.43394614830165
280,0.57213960759209,0.432644961427049
281,0.570995710057638,0.43134767615934
282,0.569854099555147,0.430054280799559
283,0.568714771512081,0.428764763683824
284,0.567577721365042,0.427479113183226
285,0.566442944559758,0.426197317703724
286,0.565310436551063,0.424919365686045
287,0.564180192802876,0.423645245605574
288,0.563052208788187,0.422374945972252
289,0.561926479989037,0.421108455330475
290,0.560803001896499,0.419845762258987
291,0.559681770010661,0.418586855370779
292,0.558562779840609,0.417331723312987
293,0.557446026904406,0.416080354766787
294,0.556331506729076,0.414832738447295
295,0.555219214850589,0.413588863103465
296,0.554109146813836,0.412348717517988
297,0.553001298172618,0.411112290507187
298,0.551895664489624,0.409879570920924
299,0.550792241336416,0.40865054764249
300,0.549691024293408,0.407425209588513
301,0.548592008949852,0.406203545708853
302,0.547495190903817,0.404985544986502
303,0.546400565762175,0.40377119643749
304,0.54530812914058,0.40256048911078
305,0.544217876663451,0.401353412088173
306,0.543129803963957,0.400149954484207
307,0.542043906683996,0.398950105446061
308,0.540960180474181,0.397753854153455
309,0.53987862099382,0.396561189818556
310,0.538799223910899,0.395372101685875
311,0.537721984902066,0.394186579032176
312,0.536646899652612,0.393004611166376
313,0.535573963856456,0.391826187429448
314,0.534503173216125,0.390651297194326
315,0.533434523442738,0.389479929865813
316,0.53236801025599,0.388312074880476
317,0.531303629384132,0.38714772170656
318,0.530241376563958,0.385986859843889
319,0.529181247540783,0.384829478823772
320,0.528123238068431,0.383675568208908
321,0.527067343909213,0.38252511759329
322,0.526013560833915,0.381378116602118
323,0.524961884621777,0.380234554891696
324,0.523912311060479,0.379094422149348
325,0.52286483594612,0.377957708093317
326,0.521819455083208,0.376824402472677
327,0.520776164284637,0.37569449506724
328,0.519734959371672,0.374567975687463
329,0.518695836173933,0.373444834174357
330,0.517658790529379,0.372325060399392
331,0.51662381828429,0.371208644264412
332,0.515590915293249,0.370095575701537
333,0.514560077419129,0.368985844673078
334,0.513531300533074,0.367879441171442
335,0.512504580514482,0.366776355219047
336,0.511479913250991,0.365676576868224
337,0.51045729463846,0.364580096201137
338,0.509436720580954,0.363486903329684
339,0.508418186990727,0.362396988395417
340,0.507401689788205,0.361310341569444
341,0.506387224901971,0.360226953052349
342,0.505374788268749,0.359146813074097
343,0.504364375833385,0.358069911893949
344,0.503355983548835,0.356996239800374
345,0.502349607376144,0.35592578711096
346,0.501345243284433,0.35485854417233
347,0.500342887250884,0.35379450136005
348,0.499342535260719,0.352733649078546
349,0.498344183307188,0.351675977761017
350,0.497347827391552,0.350621477869346
351,0.496353463523067,0.349570139894018
352,0.495361087718969,0.348521954354032
353,0.494370696004453,0.347476911796815
354,0.493382284412665,0.346435002798138
355,0.49239584898468,0.34539621796203
356,0.491411385769489,0.344360547920694
357,0.490428890823982,0.343327983334424
358,0.489448360212933,0.342298514891516
359,0.488469790008982,0.34127213330819
360,0.487493176292625,0.340248829328501
361,0.48651851515219,0.339228593724261
362,0.485545802683829,0.338211417294948
363,0.484575034991497,0.337197290867633
364,0.48360620818694,0.336186205296889
365,0.482639318389677,0.335178151464711
366,0.481674361726985,0.334173120280437
367,0.480711334333886,0.333171102680661
368,0.479750232353126,0.332172089629155
369,0.478791051935166,0.331176072116784
370,0.477833789238161,0.33018304116143
371,0.476878440427951,0.329192987807906
372,0.475925001678036,0.328205903127876
373,0.474973469169572,0.327221778219779
374,0.474023839091347,0.326240604208742
375,0.473076107639769,0.325262372246506
376,0.472130271018852,0.32428707351134
377,0.471186325440199,0.323314699207968
378,0.470244267122987,0.322345240567486
379,0.469304092293951,0.321378688847283
380,0.468365797187373,0.320415035330963
381,0.46742937804506,0.319454271328265
382,0.466494831116336,0.318496388174989
383,0.465562152658023,0.31754137723291
384,0.464631338934426,0.316589229889708
385,0.463702386217321,0.315639937558886
386,0.462775290785934,0.314693491679694
387,0.461850048926935,0.31374988371705
388,0.460926656934415,0.312809105161467
389,0.460005111109874,0.311871147528971
390,0.45908540776221,0.310936002361029
391,0.458167543207696,0.31000366122447
392,0.457251513769973,0.30907411571141
393,0.456337315780032,0.308147357439176
394,0.4554249455762,0.307223378050231
395,0.454514399504122,0.306302169212098
396,0.453605673916754,0.305383722617283
397,0.452698765174339,0.304468029983205
398,0.4517936696444,0.303555083052117
399,0.450890383701722,0.302644873591031
400,0.449988903728336,0.301737393391649
401,0.449089226113511,0.300832634270283
402,0.448191347253729,0.299930588067786
403,0.447295263552683,0.299031246649473
404,0.446400971421251,0.298134601905053
405,0.445508467277489,0.297240645748554
406,0.444617747546616,0.296349370118249
407,0.443728808660995,0.295460766976585
408,0.442841647060125,0.294574828310107
409,0.441956259190621,0.293691546129392
410,0.441072641506203,0.29281091246897
411,0.440190790467683,0.291932919387258
412,0.439310702542948,0.291057558966484
413,0.438432374206945,0.290184823312619
414,0.437555801941672,0.289314704555302
415,0.436680982236158,0.288447194847773
416,0.435807911586454,0.287582286366801
417,0.434936586495613,0.286719971312611
418,0.434067003473684,0.285860241908817
419,0.433199159037689,0.285003090402351
420,0.432333049711618,0.284148509063391
421,0.431468672026408,0.283296490185294
422,0.430606022519933,0.282447026084524
423,0.429745097736987,0.281600109100586
424,0.428885894229274,0.280755731595953
425,0.428028408555393,0.279913885956002
426,0.427172637280821,0.279074564588938
427,0.426318576977904,0.278237759925735
428,0.425466224225839,0.277403464420058
429,0.424615575610664,0.276571670548204
430,0.423766627725243,0.275742370809026
431,0.42291937716925,0.274915557723872
432,0.422073820549158,0.274091223836513
433,0.421229954478226,0.273269361713079
434,0.420387775576484,0.272449963941989
435,0.419547280470718,0.271633023133885
436,0.41870846579446,0.27081853192157
437,0.417871328187972,0.270006482959932
438,0.417035864298233,0.269196868925888
439,0.416202070778926,0.268389682518309
440,0.415369944290425,0.267584916457963
441,0.41453948149978,0.266782563487442
442,0.413710679080705,0.265982616371098
443,0.412883533713565,0.265185067894983
444,0.412058042085362,0.264389910866777
445,0.41123420088972,0.263597138115727
446,0.410412006826876,0.262806742492581
447,0.409591456603662,0.262018716869526
448,0.408772546933497,0.261233054140119
449,0.407955274536368,0.260449747219227
450,0.407139636138822,0.259668789042962
451,0.406325628473949,0.258890172568617
452,0.405513248281373,0.258113890774603
453,0.404702492307234,0.257339936660382
454,0.403893357304179,0.256568303246412
455,0.403085840031347,0.255798983574077
456,0.402279937254356,0.255031970705624
457,0.401475645745293,0.254267257724107
458,0.400672962282697,0.253504837733317
459,0.399871883651546,0.252744703857726
460,0.399072406643249,0.25198684924242
461,0.398274528055629,0.251231267053041
462,0.39747824469291,0.250477950475724
463,0.396683553365707,0.249726892717033
464,0.395890450891011,0.248978087003905
465,0.395098934092177,0.248231526583584
466,0.394308999798911,0.247487204723564
467,0.393520644847257,0.246745114711523
468,0.392733866079586,0.246005249855271
469,0.391948660344582,0.24526760348268
470,0.391165024497228,0.24453216894163
471,0.390382955398797,0.243798939599949
472,0.389602449916835,0.243067908845348
473,0.388823504925153,0.242339070085368
474,0.388046117303812,0.241612416747316
475,0.38727028393911,0.240887942278209
476,0.38649600172357,0.24016564014471
477,0.385723267555928,0.239445503833074
478,0.384952078341123,0.238727526849089
479,0.384182430990278,0.238011702718012
480,0.383414322420694,0.237298024984519
481,0.382647749555835,0.236586487212639
482,0.381882709325317,0.2358770829857
483,0.381119198664894,0.235169805906271
484,0.380357214516444,0.234464649596104
485,0.379596753827963,0.233761607696075
486,0.378837813553548,0.233060673866128
487,0.378080390653383,0.232361841785219
488,0.377324482093734,0.231665105151256
489,0.376570084846929,0.230970457681044
490,0.375817195891351,0.23027789311023
491,0.375065812211423,0.229587405193242
492,0.374315930797599,0.228898987703237
493,0.373567548646348,0.228212634432043
494,0.372820662760145,0.227528339190103
495,0.372075270147459,0.226846095806419
496,0.371331367822739,0.226165898128498
497,0.370588952806402,0.225487740022293
498,0.369848022124825,0.224811615372152
499,0.369108572810327,0.22413751808076
500,0.368370601901164,0.223465442069085
501,0.367634106441511,0.222795381276323
502,0.366899083481452,0.222127329659842
503,0.366165530076971,0.221461281195132
504,0.365433443289938,0.220797229875743
505,0.364702820188096,0.220135169713239
506,0.36397365784505,0.219475094737139
507,0.363245953340258,0.218816998994865
508,0.362519703759016,0.218160876551686
509,0.361794906192447,0.217506721490669
510,0.361071557737491,0.21685452791262
511,0.360349655496891,0.216204289936037
512,0.359629196579183,0.215556001697052
513,0.358910178098684,0.214909657349378
514,0.358192597175481,0.214265251064261
515,0.357476450935418,0.213622777030422
516,0.356761736510086,0.212982229454011
517,0.356048451036811,0.212343602558546
518,0.355336591658641,0.211706890584869
519,0.354626155524339,0.21107208779109
520,0.353917139788365,0.210439188452536
521,0.353209541610871,0.209808186861698
522,0.352503358157685,0.209179077328184
523,0.351798586600303,0.208551854178663
524,0.351095224115874,0.207926511756814
525,0.350393267887193,0.207303044423279
526,0.349692715102687,0.206681446555608
527,0.348993562956403,0.20606171254821
528,0.348295808648,0.205443836812304
529,0.347599449382734,0.204827813775865
530,0.346904482371449,0.204213637883577
531,0.346210904830566,0.20360130359678
532,0.345518713982072,0.202990805393423
533,0.344827907053507,0.202382137768013
534,0.344138481277953,0.201775295231565
535,0.343450433894028,0.201170272311551
536,0.342763762145866,0.200567063551856
537,0.342078463283113,0.199965663512721
538,0.341394534560916,0.199366066770702
539,0.340711973239907,0.198768267918614
540,0.340030776586195,0.198172261565487
541,0.339350941871357,0.197578042336515
542,0.338672466372424,0.19698560487301
543,0.337995347371869,0.196394943832351
544,0.337319582157602,0.195806053887935
545,0.336645168022953,0.195218929729135
546,0.335972102266664,0.194633566061243
547,0.335300382192878,0.194049957605432
548,0.334630005111128,0.1934680990987
549,0.333960968336325,0.192887985293827
550,0.33329326918875,0.192309610959327
551,0.33262690499404,0.191732970879402
552,0.331961873083181,0.191158059853892
553,0.331298170792493,0.190584872698229
554,0.330635795463623,0.190013404243392
555,0.329974744443533,0.189443649335859
556,0.329315015084489,0.188875602837562
557,0.32865660474405,0.188309259625838
558,0.327999510785059,0.187744614593384
559,0.327343730575631,0.187181662648213
560,0.326689261489144,0.186620398713605
561,0.326036100904226,0.186060817728062
562,0.325384246204747,0.185502914645266
563,0.324733694779808,0.184946684434026
564,0.324084444023728,0.18439212207824
565,0.323436491336038,0.183839222576845
566,0.322789834121467,0.183287980943776
567,0.322144469789933,0.182738392207917
568,0.321500395756532,0.182190451413058
569,0.320857609441529,0.181644153617849
570,0.320216108270346,0.181099493895761
571,0.319575889673553,0.180556467335031
572,0.318936951086856,0.180015069038629
573,0.31829928995109,0.179475294124207
574,0.317662903712205,0.178937137724056
575,0.317027789821256,0.178400594985063
576,0.316393945734398,0.177865661068668
577,0.31576136891287,0.177332331150819
578,0.315130056822985,0.176800600421928
579,0.314500006936125,0.17627046408683
580,0.313871216728725,0.175741917364737
581,0.313243683682267,0.175214955489198
582,0.312617405283267,0.174689573708051
583,0.311992379023268,0.174165767283388
584,0.311368602398828,0.173643531491502
585,0.310746072911507,0.173122861622855
586,0.310124788067865,0.172603752982028
587,0.309504745379444,0.172086200887682
588,0.308885942362763,0.171570200672514
589,0.308268376539305,0.171055747683217
590,0.307652045435508,0.170542837280436
591,0.307036946582758,0.170031464838729
592,0.306423077517373,0.169521625746521
593,0.305810435780601,0.169013315406066
594,0.305199018918602,0.168506529233404
595,0.304588824482444,0.168001262658321
596,0.303979850028091,0.167497511124305
597,0.303372093116393,0.166995270088507
598,0.302765551313076,0.166494535021702
599,0.302160222188736,0.165995301408244
600,0.301556103318822,0.165497564746027
601,0.300953192283634,0.165001320546444
602,0.300351486668308,0.164506564334349
603,0.299750984062807,0.164013291648014
604,0.299151682061916,0.163521498039089
605,0.298553578265225,0.163031179072562
606,0.297956670277126,0.162542330326721
607,0.297360955706799,0.16205494739311
608,0.296766432168205,0.161569025876495
609,0.296173097280075,0.161084561394819
610,0.295580948665901,0.160601549579164
611,0.294989983953926,0.160119986073713
612,0.294400200777136,0.159639866535711
613,0.293811596773249,0.159161186635423
614,0.293224169584705,0.158683942056098
615,0.292637916858659,0.158208128493928
616,0.292052836246969,0.157733741658011
617,0.291468925406189,0.157260777270309
618,0.290886181997557,0.156789231065614
619,0.290304603686987,0.156319098791506
620,0.289724188145061,0.155850376208317
621,0.289144933047018,0.15538305908909
622,0.288566836072743,0.154917143219544
623,0.287989894906761,0.154452624398034
624,0.287414107238228,0.153989498435514
625,0.286839470760917,0.153527761155497
626,0.286265983173214,0.153067408394021
627,0.285693642178107,0.15260843599961
628,0.285122445483175,0.152150839833235
629,0.284552390800581,0.151694615768278
630,0.283983475847063,0.151239759690496
631,0.283415698343922,0.15078626749798
632,0.282849056017016,0.150334135101123
633,0.282283546596751,0.14988335842258
634,0.281719167818069,0.149433933397231
635,0.281155917420441,0.148985855972146
636,0.280593793147857,0.148539122106548
637,0.280032792748819,0.148093727771776
638,0.27947291397633,0.147649668951249
639,0.278914154587884,0.147206941640428
640,0.278356512345461,0.146765541846785
641,0.277799985015513,0.146325465589761
642,0.277244570368959,0.145886708900733
643,0.276690266181175,0.145449267822978
644,0.276137070231984,0.14501313841164
645,0.275584980305648,0.144578316733686
646,0.275033994190859,0.144144798867882
647,0.274484109680732,0.143712580904748
648,0.27393532457279,0.143281658946528
649,0.273387636668963,0.142852029107153
650,0.272841043775576,0.142423687512206
651,0.272295543703337,0.14199663029889
652,0.271751134267333,0.141570853615987
653,0.271207813287019,0.141146353623829
654,0.270665578586211,0.14072312649426
655,0.270124427993074,0.140301168410604
656,0.269584359340115,0.139880475567629
657,0.269045370464176,0.139461044171513
658,0.268507459206423,0.139042870439808
659,0.26797062341234,0.138625950601411
660,0.267434860931715,0.138210280896524
661,0.266900169618639,0.137795857576622
662,0.26636654733149,0.137382676904424
663,0.26583399193293,0.136970735153852
664,0.265302501289894,0.13656002861
665,0.26477207327358,0.136150553569105
666,0.264242705759444,0.135742306338504
667,0.26371439662719,0.135335283236613
668,0.26318714376076,0.134929480592881
669,0.262660945048325,0.134524894747768
670,0.262135798382283,0.134121522052705
671,0.261611701659242,0.133719358870062
672,0.261088652780015,0.13331840157312
673,0.260566649649616,0.13291864654603
674,0.260045690177243,0.13252009018379
675,0.259525772276277,0.132122728892203
676,0.25900689386427,0.131726559087853
677,0.258489052862938,0.131331577198068
678,0.25797224719815,0.130937779660886
679,0.257456474799925,0.130545162925028
680,0.25694173360242,0.130153723449864
681,0.256428021543919,0.129763457705379
682,0.255915336566833,0.129374362172143
683,0.255403676617682,0.12898643334128
684,0.254893039647096,0.128599667714434
685,0.2543834236098,0.12821406180374
686,0.253874826464608,0.127829612131791
687,0.253367246174415,0.127446315231606
688,0.25286068070619,0.127064167646601
689,0.252355128030966,0.126683165930557
690,0.251850586123832,0.126303306647586
691,0.251347052963928,0.125924586372106
692,0.25084452653443,0.125547001688803
693,0.250343004822551,0.125170549192607
694,0.249842485819524,0.124795225488655
695,0.249342967520602,0.124421027192267
696,0.248844447925043,0.124047950928909
697,0.248346925036108,0.123675993334167
698,0.247850396861047,0.123305151053715
699,0.247354861411097,0.122935420743284
700,0.24686031670147,0.122566799068635
701,0.246366760751345,0.122199282705524
702,0.245874191583864,0.121832868339676
703,0.24538260722612,0.121467552666754
704,0.244892005709149,0.12110333239233
705,0.244402385067927,0.120740204231852
706,0.243913743341356,0.120378164910618
707,0.24342607857226,0.120017211163746
708,0.242939388807375,0.119657339736142
709,0.242453672097344,0.119298547382474
710,0.241968926496706,0.11894083086714
711,0.24148515006389,0.118584186964241
712,0.241002340861207,0.118228612457549
713,0.240520496954841,0.117874104140483
714,0.240039616414845,0.117520658816073
715,0.239559697315129,0.117168273296938
716,0.239080737733452,0.116816944405253
717,0.238602735751419,0.116466668972723
718,0.23812568945447,0.116117443840552
719,0.237649596931872,0.115769265859416
720,0.237174456276713,0.115422131889434
721,0.236700265585892,0.115076038800139
722,0.236227022960115,0.114730983470454
723,0.235754726503884,0.114386962788658
724,0.235283374325491,0.114043973652359
725,0.234812964537011,0.113702012968471
726,0.234343495254292,0.113361077653181
727,0.23387496459695,0.113021164631922
728,0.233407370688361,0.112682270839347
729,0.232940711655652,0.112344393219301
730,0.232474985629695,0.112007528724792
731,0.232010190745099,0.111671674317963
732,0.231546325140202,0.11133682697007
733,0.231083386957065,0.111002983661448
734,0.230621374341463,0.110670141381485
735,0.230160285442878,0.110338297128599
736,0.229700118414493,0.110007447910208
737,0.229240871413183,0.109677590742701
738,0.228782542599506,0.109348722651417
739,0.2283251301377,0.109020840670611
740,0.227868632195672,0.108693941843432
741,0.227413046944994,0.108368023221896
742,0.226958372560892,0.108043081866858
743,0.226504607222239,0.107719114847985
744,0.226051749111551,0.107396119243732
745,0.225599796414978,0.107074092141314
746,0.225148747322296,0.10675303063668
747,0.224698600026899,0.106432931834485
748,0.224249352725795,0.106113792848069
749,0.223801003619594,0.105795610799424
750,0.223353550912508,0.105478382819175
751,0.222906992812335,0.105162106046549
752,0.222461327530459,0.104846777629351
753,0.222016553281837,0.104532394723939
754,0.221572668285,0.104218954495197
755,0.221129670762035,0.10390645411651
756,0.220687558938588,0.103594890769741
757,0.22024633104385,0.103284261645199
758,0.219805985310553,0.102974563941621
759,0.219366519974963,0.102665794866142
760,0.218927933276872,0.102357951634273
761,0.218490223459591,0.102051031469873
762,0.218053388769944,0.101745031605125
763,0.217617427458259,0.101439949280513
764,0.217182337778362,0.101135781744793
765,0.216748117987572,0.100832526254973
766,0.216314766346691,0.100530180076284
767,0.215882281119998,0.100228740482158
768,0.215450660575242,0.0999282047542032
769,0.215019902983637,0.0996285701821775
770,0.214590006619852,0.0993298340639664
771,0.214160969762006,0.0990319937055575
772,0.213732790691661,0.0987350464210165
773,0.213305467693813,0.0984389895324626
774,0.212878999056888,0.0981438203700449
775,0.212453383072736,0.0978495362719178
776,0.212028618036618,0.0975561345842174
777,0.211604702247208,0.0972636126610373
778,0.211181634006577,0.0969719678644051
779,0.210759411620194,0.0966811975642579
780,0.210338033396915,0.0963912991384195
781,0.209917497648976,0.096102269972576
782,0.209497802691988,0.0958141074602526
783,0.209078946844932,0.0955268090027901
784,0.208660928430146,0.0952403720093212
785,0.208243745773325,0.0949547938967475
786,0.20782739720351,0.0946700720897158
787,0.207411881053084,0.0943862040205954
788,0.206997195657764,0.0941031871294542
789,0.206583339356593,0.0938210188640366
790,0.206170310491936,0.0935396966797395
791,0.205758107409472,0.0932592180395898
792,0.205346728458188,0.0929795804142219
793,0.204936171990371,0.092700781281854
794,0.204526436361603,0.0924228181282663
795,0.204117519930753,0.0921456884467775
796,0.203709421059972,0.0918693897382229
797,0.203302138114686,0.0915939195109313
798,0.202895669463587,0.0913192752807029
799,0.20249001347863,0.0910454545707869
800,0.202085168535026,0.0907724549118587
801,0.201681133011232,0.0905002738419981
802,0.201277905288949,0.0902289089066672
803,0.200875483753113,0.0899583576586877
804,0.200473866791889,0.0896886176582193
805,0.200073052796664,0.0894196864727377
806,0.199673040162042,0.0891515616770122
807,0.199273827285836,0.0888842408530844
808,0.198875412569064,0.0886177215902461
809,0.198477794415938,0.0883520014850175
810,0.198080971233863,0.0880870781411258
811,0.197684941433426,0.0878229491694832
812,0.197289703428395,0.0875596121881658
813,0.196895255635706,0.0872970648223918
814,0.196501596475462,0.0870353047045001
815,0.196108724370924,0.0867743294739292
816,0.195716637748506,0.0865141367771957
817,0.195325335037767,0.0862547242678729
818,0.194934814671407,0.08599608960657
819,0.19454507508526,0.0857382304609111
820,0.194156114718285,0.0854811445055134
821,0.193767932012564,0.0852248294219674
822,0.193380525413294,0.0849692828988148
823,0.192993893368778,0.0847145026315284
824,0.192608034330426,0.0844604863224913
825,0.192222946752739,0.0842072316809756
826,0.191838629093311,0.0839547364231226
827,0.19145507981282,0.0837029982719214
828,0.191072297375019,0.0834520149571889
829,0.190690280246736,0.0832017842155491
830,0.190309026897861,0.0829523037904126
831,0.189928535801346,0.0827035714319565
832,0.189548805433194,0.0824555848971042
833,0.189169834272456,0.0822083419495044
834,0.188791620801223,0.0819618403595122
835,0.188414163504623,0.0817160779041676
836,0.18803746087081,0.0814710523671767
837,0.187661511390961,0.0812267615388908
838,0.187286313559273,0.080983203216287
839,0.186911865872949,0.0807403752029481
840,0.186538166832199,0.0804982753090428
841,0.186165214940232,0.0802569013513062
842,0.185793008703249,0.0800162511530197
843,0.185421546630437,0.0797763225439917
844,0.185050827233964,0.079537113360538
845,0.184680849028972,0.0792986214454618
846,0.184311610533574,0.0790608446480352
847,0.183943110268844,0.078823780823979
848,0.183575346758813,0.0785874278354435
849,0.183208318530462,0.0783517835509895
850,0.18284202411372,0.0781168458455688
851,0.182476462041452,0.0778826126005054
852,0.182111630849458,0.0776490817034759
853,0.181747529076465,0.0774162510484907
854,0.181384155264121,0.0771841185358752
855,0.181021507956992,0.0769526820722504
856,0.180659585702551,0.0767219395705146
857,0.180298387051176,0.0764918889498241
858,0.179937910556144,0.0762625281355745
859,0.179578154773625,0.0760338550593824
860,0.179219118262673,0.075805867659066
861,0.178860799585226,0.0755785638786275
862,0.178503197306096,0.0753519416682336
863,0.178146309992963,0.0751259989841975
864,0.177790136216373,0.0749007337889606
865,0.177434674549729,0.0746761440510735
866,0.177079923569285,0.0744522277451785
867,0.176725881854144,0.0742289828519909
868,0.176372547986248,0.0740064073582804
869,0.176019920550376,0.0737844992568539
870,0.175667998134133,0.0735632565465366
871,0.175316779327951,0.0733426772321543
872,0.174966262725079,0.0731227593245152
873,0.17461644692158,0.0729035008403921
874,0.174267330516322,0.0726848998025048
875,0.173918912110974,0.0724669542395015
876,0.173571190310004,0.0722496621859419
877,0.173224163720666,0.0720330216822789
878,0.172877830953002,0.0718170307748411
879,0.172532190619831,0.0716016875158152
880,0.172187241336745,0.0713869899632284
881,0.171842981722107,0.0711729361809309
882,0.171499410397038,0.0709595242385784
883,0.171156525985418,0.0707467522116149
884,0.170814327113881,0.070534618181255
885,0.170472812411801,0.0703231202344668
886,0.170131980511297,0.0701122564639548
887,0.169791830047222,0.0699020249681423
888,0.169452359657156,0.0696924238511545
889,0.169113567981406,0.0694834512228015
890,0.168775453662996,0.0692751051985612
891,0.168438015347663,0.0690673838995619
892,0.168101251683852,0.068860285452566
893,0.16776516132271,0.0686538079899527
894,0.16742974291808,0.0684479496497012
895,0.167094995126498,0.0682427085753741
896,0.166760916607185,0.0680380829161005
897,0.166427506022043,0.0678340708265592
898,0.16609476203565,0.0676306704669623
899,0.165762683315252,0.0674278800030384
900,0.165431268530762,0.0672256976060163
901,0.16510051635475,0.0670241214526084
902,0.164770425462442,0.0668231497249941
903,0.164440994531711,0.0666227806108034
904,0.164112222243074,0.0664230123031011
905,0.163784107279687,0.0662238430003696
906,0.163456648327337,0.0660252709064936
907,0.163129844074441,0.065827294230743
908,0.162803693212036,0.0656299111877578
909,0.162478194433776,0.0654331199975307
910,0.16215334643593,0.0652369188853923
911,0.161829147917369,0.0650413060819943
912,0.161505597579569,0.0648462798232937
913,0.1611826941266,0.0646518383505373
914,0.160860436265125,0.0644579799102452
915,0.160538822704391,0.0642647027541954
916,0.160217852156227,0.0640720051394081
917,0.159897523335036,0.0638798853281295
918,0.159577834957792,0.0636883415878169
919,0.159258785744035,0.0634973721911222
920,0.158940374415864,0.0633069754158769
921,0.158622599697934,0.0631171495450766
922,0.158305460317448,0.0629278928668651
923,0.157988955004157,0.0627392036745192
924,0.157673082490347,0.0625510802664334
925,0.157357841510844,0.0623635209461046
926,0.157043230802998,0.0621765240221163
927,0.156729249106688,0.0619900878081241
928,0.15641589516431,0.0618042106228398
929,0.156103167720774,0.0616188907900166
930,0.155791065523502,0.0614341266384342
931,0.155479587322417,0.061249916501883
932,0.155168731869944,0.0610662587191499
933,0.154858497921001,0.0608831516340028
934,0.154548884232995,0.0607005935951758
935,0.154239889565818,0.0605185829563543
936,0.153931512681842,0.0603371180761602
937,0.153623752345912,0.0601561973181371
938,0.153316607325344,0.0599758190507355
939,0.153010076389917,0.0597959816472981
940,0.152704158311871,0.059616683486045
941,0.152398851865899,0.0594379229500594
942,0.152094155829146,0.0592596984272728
943,0.1517900689812,0.0590820083104504
944,0.15148659010409,0.0589048509971766
945,0.151183717982281,0.0587282248898409
946,0.150881451402666,0.0585521283956231
947,0.150579789154564,0.0583765599264789
948,0.150278730029717,0.0582015178991261
949,0.149978272822279,0.0580270007350296
950,0.149678416328818,0.0578530068603878
951,0.149379159348306,0.0576795347061182
952,0.149080500682117,0.0575065827078428
953,0.148782439134022,0.0573341493058747
954,0.148484973510184,0.0571622329452037
955,0.14818810261915,0.0569908320754823
956,0.147891825271852,0.0568199451510116
957,0.147596140281599,0.0566495706307274
958,0.147301046464072,0.0564797069781868
959,0.14700654263732,0.0563103526615534
960,0.146712627621754,0.0561415061535843
961,0.146419300240145,0.0559731659316161
962,0.146126559317618,0.0558053304775508
963,0.145834403681645,0.0556379982778428
964,0.145542832162044,0.0554711678234845
965,0.145251843590971,0.0553048376099933
966,0.144961436802918,0.0551390061373978
967,0.144671610634708,0.0549736719102239
968,0.144382363925489,0.0548088334374822
969,0.144093695516727,0.0546444892326537
970,0.14380560425221,0.0544806378136768
971,0.143518088978033,0.0543172777029338
972,0.143231148542599,0.0541544074272378
973,0.142944781796615,0.0539920255178191
974,0.142658987593085,0.0538301305103122
975,0.142373764787305,0.0536687209447424
976,0.142089112236861,0.0535077953655128
977,0.141805028801623,0.053347352321391
978,0.141521513343741,0.0531873903654963
979,0.141238564727638,0.0530279080552864
980,0.140956181820009,0.0528689039525443
981,0.140674363489814,0.0527103766233658
982,0.140393108608276,0.0525523246381459
983,0.140112416048873,0.0523947465715666
984,0.139832284687335,0.0522376410025835
985,0.139552713401641,0.0520810065144133
986,0.139273701072014,0.0519248416945208
987,0.138995246580914,0.0517691451346065
988,0.138717348813036,0.0516139154305935
989,0.138440006655305,0.0514591511826151
990,0.138163218996871,0.051304850995002
991,0.137886984729106,0.05115101347627
992,0.137611302745597,0.050997637239107
993,0.137336171942146,0.0508447209003611
994,0.137061591216758,0.0506922630810275
995,0.136787559469645,0.0505402624062364
996,0.136514075603216,0.0503887175052407
997,0.136241138522077,0.0502376270114031
998,0.13596874713302,0.0500869895621847
999,0.135696900345026,0.0499368037991317
1000,0.135425597069256,0.0497870683678639
1001,0.135154836219048,0.0497870683678639
1002,0.134884616709913,0.0498869420924154
1003,0.134614937459529,0.0499870161653943
1004,0.134345797387741,0.050087290988703
1005,0.134077195416549,0.0501877669650504
1006,0.133809130470113,0.0502884444979528
1007,0.133541601474741,0.0503893239917361
1008,0.133274607358887,0.0504904058515375
1009,0.133008147053151,0.0505916904833067
1010,0.132742219490267,0.0506931782938078
1011,0.132476823605106,0.0507948696906208
1012,0.132211958334666,0.0508967650821434
1013,0.131947622618073,0.0509988648775926
1014,0.131683815396572,0.0511011694870061
1015,0.131420535613525,0.0512036793212444
1016,0.131157782214407,0.0513063947919921
1017,0.130895554146802,0.0514093163117594
1018,0.130633850360396,0.0515124442938844
1019,0.130372669806978,0.0516157791525342
1020,0.130112011440431,0.0517193213027065
1021,0.129851874216728,0.0518230711602319
1022,0.129592257093932,0.0519270291417749
1023,0.129333159032189,0.0520311956648359
1024,0.129074578993721,0.0521355711477528
1025,0.128816515942829,0.0522401560097027
1026,0.128558968845882,0.0523449506707035
1027,0.128301936671316,0.0524499555516159
1028,0.128045418389631,0.0525551710741446
1029,0.127789412973382,0.0526605976608403
1030,0.127533919397182,0.0527662357351016
1031,0.127278936637692,0.0528720857211759
1032,0.127024463673619,0.0529781480441623
1033,0.126770499485712,0.0530844231300122
1034,0.126517043056759,0.0531909114055315
1035,0.12626409337158,0.0532976132983825
1036,0.126011649417026,0.0534045292370854
1037,0.125759710181972,0.0535116596510196
1038,0.125508274657318,0.0536190049704264
1039,0.125257341835977,0.0537265656264098
1040,0.125006910712879,0.0538343420509388
1041,0.124756980284961,0.0539423346768487
1042,0.124507549551168,0.0540505439378434
1043,0.124258617512445,0.0541589702684964
1044,0.124010183171734,0.0542676141042535
1045,0.123762245533971,0.0543764758814336
1046,0.123514803606081,0.054485556037231
1047,0.123267856396976,0.0545948550097169
1048,0.123021402917548,0.0547043732378414
1049,0.122775442180666,0.0548141111614353
1050,0.122529973201176,0.0549240692212113
1051,0.122284994995889,0.0550342478587666
1052,0.122040506583585,0.055144647516584
1053,0.121796506985005,0.0552552686380339
1054,0.121552995222847,0.0553661116673763
1055,0.121309970321764,0.0554771770497622
1056,0.121067431308359,0.0555884652312358
1057,0.12082537721118,0.0556999766587358
1058,0.120583807060718,0.0558117117800976
1059,0.120342719889403,0.0559236710440552
1060,0.120102114731598,0.0560358549002423
1061,0.119861990623599,0.0561482637991949
1062,0.119622346603627,0.0562608981923527
1063,0.119383181711825,0.0563737585320611
1064,0.119144494990257,0.0564868452715726
1065,0.118906285482902,0.0566001588650493
1066,0.118668552235649,0.0567136997675641
1067,0.118431294296296,0.056827468435103
1068,0.118194510714545,0.0569414653245665
1069,0.117958200541996,0.0570556908937717
1070,0.117722362832147,0.0571701456014543
1071,0.117486996640387,0.0572848299072699
1072,0.117252101023996,0.0573997442717965
1073,0.117017675042136,0.0575148891565358
1074,0.116783717755852,0.0576302650239153
1075,0.116550228228065,0.0577458723372903
1076,0.116317205523569,0.0578617115609454
1077,0.116084648709031,0.0579777831600966
1078,0.115852556852981,0.0580940876008934
1079,0.115620929025811,0.05821062535042
1080,0.115389764299774,0.0583273968766978
1081,0.115159061748977,0.0584444026486871
1082,0.114928820449378,0.0585616431362888
1083,0.11469903947878,0.0586791188103465
1084,0.114469717916835,0.0587968301426484
1085,0.11424085484503,0.0589147776059289
1086,0.114012449346692,0.0590329616738709
1087,0.113784500506979,0.0591513828211076
1088,0.113557007412878,0.059270041523224
1089,0.113329969153202,0.0593889382567594
1090,0.113103384818586,0.0595080734992089
1091,0.112877253501482,0.0596274477290256
1092,0.112651574296157,0.0597470614256224
1093,0.11242634629869,0.0598669150693736
1094,0.112201568606966,0.0599870091416175
1095,0.111977240320673,0.0601073441246578
1096,0.111753360541302,0.0602279205017658
1097,0.111529928372136,0.0603487387571821
1098,0.111306942918254,0.0604697993761188
1099,0.111084403286524,0.0605911028447615
1100,0.110862308585599,0.0607126496502708
1101,0.110640657925914,0.0608344402807846
1102,0.110419450419683,0.0609564752254202
1103,0.110198685180894,0.0610787549742761
1104,0.109978361325307,0.0612012800184336
1105,0.109758477970452,0.0613240508499594
1106,0.109539034235619,0.0614470679619073
1107,0.109320029241863,0.06157033184832
1108,0.109101462111993,0.0616938430042315
1109,0.108883331970575,0.0618176019256686
1110,0.108665637943923,0.0619416091096534
1111,0.108448379160097,0.0620658650542047
1112,0.108231554748904,0.0621903702583406
1113,0.108015163841887,0.0623151252220802
1114,0.107799205572327,0.0624401304464455
1115,0.107583679075238,0.0625653864334638
1116,0.107368583487363,0.0626908936861693
1117,0.107153917947171,0.0628166527086052
1118,0.106939681594854,0.0629426640058262
1119,0.106725873572322,0.0630689280838997
1120,0.106512493023202,0.0631954454499085
1121,0.106299539092831,0.0633222166119527
1122,0.106087010928257,0.0634492420791516
1123,0.105874907678232,0.0635765223616456
1124,0.10566322849321,0.0637040579705987
1125,0.105451972525345,0.0638318494182002
1126,0.105241138928485,0.0639598972176668
1127,0.105030726858169,0.064088201883245
1128,0.104820735471625,0.0642167639302125
1129,0.104611163927767,0.0643455838748809
1130,0.104402011387189,0.0644746622345974
1131,0.104193277012164,0.0646039995277473
1132,0.103984959966641,0.0647335962737553
1133,0.103777059416237,0.0648634529930885
1134,0.103569574528242,0.0649935702072579
1135,0.103362504471607,0.0651239484388206
1136,0.103155848416947,0.065254588211382
1137,0.102949605536533,0.065385490049598
1138,0.102743775004293,0.0655166544791769
1139,0.102538355995806,0.0656480820268814
1140,0.102333347688299,0.0657797732205311
1141,0.102128749260643,0.0659117285890043
1142,0.101924559893353,0.0660439486622403
1143,0.10172077876858,0.0661764339712415
1144,0.101517405070112,0.0663091850480755
1145,0.101314437983368,0.0664422024258771
1146,0.101111876695396,0.0665754866388506
1147,0.100909720394869,0.0667090382222722
1148,0.100707968272083,0.0668428577124915
1149,0.100506619518951,0.0669769456469343
1150,0.100305673329003,0.0671113025641043
1151,0.100105128897381,0.0672459290035855
1152,0.0999049854208378,0.0673808255060444
1153,0.0997052420977294,0.0675159926132321
1154,0.0995058981280161,0.0676514308679863
1155,0.0993069527132577,0.0677871408142337
1156,0.0991084050566102,0.0679231229969922
1157,0.0989102543628225,0.068059377962373
1158,0.0987124998382338,0.0681959062575827
1159,0.0985151406907701,0.0683327084309259
1160,0.0983181761299409,0.0684697850318066
1161,0.098121605366836,0.0686071366107313
1162,0.0979254276141227,0.0687447637193109
1163,0.0977296420860425,0.0688826669102626
1164,0.0975342479984078,0.0690208467374123
1165,0.0973392445685988,0.0691593037556971
1166,0.0971446310155604,0.0692980385211673
1167,0.0969504065597992,0.0694370515909886
1168,0.0967565704233802,0.0695763435234442
1169,0.0965631218299238,0.0697159148779376
1170,0.0963700600046026,0.0698557662149941
1171,0.0961773841741383,0.0699958980962637
1172,0.0959850935667988,0.0701363110845229
1173,0.0957931874123947,0.0702770057436772
1174,0.0956016649422767,0.0704179826387633
1175,0.0954105253893322,0.0705592423359515
1176,0.0952197679879822,0.0707007854025476
1177,0.0950293919741785,0.0708426124069956
1178,0.0948393965854004,0.0709847239188798
1179,0.0946497810606519,0.0711271205089271
1180,0.0944605446404582,0.0712698027490091
1181,0.0942716865668631,0.0714127712121449
1182,0.0940832060834259,0.0715560264725028
1183,0.0938951024352182,0.0716995691054031
1184,0.0937073748688208,0.0718433996873201
1185,0.0935200226323211,0.0719875187958844
1186,0.0933330449753096,0.0721319270098857
1187,0.0931464411488772,0.0722766249092743
1188,0.0929602104056122,0.0724216130751643
1189,0.0927743519995971,0.0725668920898353
1190,0.0925888651864058,0.0727124625367349
1191,0.0924037492231006,0.0728583250004814
1192,0.092219003368229,0.0730044800668655
1193,0.0920346268818212,0.0731509283228533
1194,0.0918506190253866,0.0732976703565882
1195,0.0916669790619111,0.0734447067573934
1196,0.0914837062558544,0.0735920381157744
1197,0.0913007998731463,0.0737396650234214
1198,0.0911182591811848,0.0738875880732111
1199,0.0909360834488323,0.0740358078592099
1200,0.0907542719464131,0.0741843249766758
1201,0.0905728239457102,0.0743331400220609
1202,0.0903917387199626,0.0744822535930137
1203,0.0902110155438627,0.0746316662883818
1204,0.0900306536935525,0.0747813787082139
1205,0.0898506524466214,0.0749313914537626
1206,0.0896710110821034,0.0750817051274863
1207,0.0894917288804737,0.0752323203330523
1208,0.089312805123646,0.0753832376753387
1209,0.08913423909497,0.0755344577604369
1210,0.088956030079228,0.0756859811956545
1211,0.0887781773626322,0.0758378085895168
1212,0.088600680232822,0.0759899405517703
1213,0.0884235379788612,0.0761423776933845
1214,0.0882467498912347,0.0762951206265544
1215,0.0880703152618461,0.0764481699647033
1216,0.0878942333840148,0.0766015263224848
1217,0.0877185035524729,0.0767551903157857
1218,0.0875431250633629,0.0769091625617282
1219,0.0873680972142341,0.0770634436786724
1220,0.0871934193040405,0.0772180342862189
1221,0.0870190906331377,0.0773729350052113
1222,0.08684511050328,0.0775281464577385
1223,0.0866714782176181,0.0776836692671373
1224,0.0864981930806954,0.0778395040579951
1225,0.0863252543984461,0.0779956514561521
1226,0.086152661478192,0.0781521120887041
1227,0.0859804136286397,0.0783088865840045
1228,0.085808510159878,0.0784659755716675
1229,0.0856369503833752,0.0786233796825704
1230,0.0854657336119759,0.0787810995488558
1231,0.0852948591598988,0.0789391358039344
1232,0.0851243263427336,0.0790974890824877
1233,0.0849541344774383,0.0792561600204703
1234,0.0847842828823368,0.0794151492551126
1235,0.0846147708771156,0.0795744574249231
1236,0.0844455977828214,0.0797340851696914
1237,0.0842767629218586,0.0798940331304903
1238,0.084108265617986,0.0800543019496789
1239,0.0839401051963148,0.0802148922709045
1240,0.0837722809833053,0.080375804739106
1241,0.0836047923067643,0.0805370400005156
1242,0.0834376384958428,0.0806985987026623
1243,0.083270818881033,0.0808604814943737
1244,0.0831043327941657,0.0810226890257791
1245,0.0829381795684073,0.0811852219483121
1246,0.0827723585382577,0.0813480809147128
1247,0.0826068690395474,0.0815112665790309
1248,0.0824417104094346,0.0816747795966282
1249,0.0822768819864029,0.081838620624181
1250,0.0821123831102583,0.082002790319683
1251,0.081948213122127,0.0821672893424478
1252,0.0817843713644523,0.0823321183531115
1253,0.0816208571809923,0.0824972780136358
1254,0.0814576699168171,0.0826627689873099
1255,0.0812948089183062,0.0828285919387537
1256,0.0811322735331459,0.0829947475339206
1257,0.0809700631103267,0.0831612364400994
1258,0.0808081770001409,0.0833280593259181
1259,0.0806466145541793,0.0834952168613453
1260,0.0804853751253296,0.0836627097176942
1261,0.0803244580677729,0.0838305385676243
1262,0.0801638627369817,0.0839987040851446
1263,0.0800035884897173,0.0841672069456162
1264,0.0798436346840266,0.0843360478257547
1265,0.0796840006792403,0.0845052274036337
1266,0.0795246858359699,0.0846747463586866
1267,0.0793656895161054,0.0848446053717099
1268,0.0792070110828124,0.0850148051248658
1269,0.0790486499005298,0.085185346301685
1270,0.0788906053349672,0.0853562295870693
1271,0.0787328767531025,0.0855274556672944
1272,0.078575463523179,0.0856990252300127
1273,0.0784183650147033,0.085870938964256
1274,0.0782615805984423,0.0860431975604385
1275,0.0781051096464212,0.0862158017103591
1276,0.0779489515319206,0.0863887521072047
1277,0.0777931056294742,0.0865620494455526
1278,0.0776375713148661,0.0867356944213735
1279,0.0774823479651286,0.0869096877320343
1280,0.0773274349585393,0.0870840300763006
1281,0.077172831674619,0.0872587221543399
1282,0.077018537494129,0.0874337646677243
1283,0.0768645517990685,0.0876091583194332
1284,0.0767108739726726,0.0877849038138561
1285,0.0765575033994094,0.0879610018567956
1286,0.0764044394649773,0.0881374531554703
1287,0.0762516815563035,0.0883142584185172
1288,0.0760992290615406,0.088491418355995
1289,0.0759470813700644,0.0886689336793868
1290,0.0757952378724717,0.0888468051016029
1291,0.0756436979605777,0.0890250333369838
1292,0.0754924610274136,0.0892036191013029
1293,0.0753415264672239,0.0893825631117693
1294,0.0751908936754645,0.0895618660870312
1295,0.0750405620487997,0.0897415287471782
1296,0.0748905309851004,0.0899215518137443
1297,0.0747407998834411,0.0901019360097111
1298,0.0745913681440978,0.0902826820595105
1299,0.0744422351685456,0.0904637906890276
1300,0.0742934003594563,0.0906452626256035
1301,0.0741448631206957,0.0908270985980386
1302,0.0739966228573218,0.091009299336595
1303,0.0738486789755819,0.091191865573
1304,0.0737010308829105,0.0913747980404487
1305,0.0735536779879268,0.0915580974736068
1306,0.0734066197004322,0.091741764608614
1307,0.0732598554314084,0.0919258001830865
1308,0.0731133845930145,0.0921102049361204
1309,0.0729672065985852,0.0922949796082942
1310,0.0728213208626277,0.0924801249416721
1311,0.0726757268008201,0.092665641679807
1312,0.0725304238300087,0.0928515305677433
1313,0.0723854113682056,0.0930377923520199
1314,0.0722406888345868,0.0932244277806734
1315,0.0720962556494892,0.093411437603241
1316,0.0719521112344087,0.0935988225707632
1317,0.0718082550119981,0.0937865834357874
1318,0.0716646864060642,0.0939747209523705
1319,0.071521404841566,0.0941632358760822
1320,0.071378409744612,0.0943521289640076
1321,0.0712357005424583,0.0945414009747507
1322,0.071093276663506,0.0947310526684374
1323,0.070951137537299,0.0949210848067181
1324,0.0708092825945219,0.0951114981527714
1325,0.0706677112669973,0.0953022934713067
1326,0.0705264229876839,0.0954934715285673
1327,0.0703854171906741,0.095685033092334
1328,0.0702446933111918,0.0958769789319273
1329,0.0701042507855901,0.0960693098182112
1330,0.0699640890513487,0.0962620265235961
1331,0.0698242075470724,0.0964551298220419
1332,0.0696846057124881,0.0966486204890609
1333,0.069545282988443,0.0968424993017213
1334,0.0694062388169023,0.0970367670386498
1335,0.0692674726409467,0.0972314244800354
1336,0.0691289839047706,0.097426472407632
1337,0.0689907720536794,0.0976219116047617
1338,0.0688528365340877,0.097817742856318
1339,0.068715176793517,0.0980139669487689
1340,0.068577792280593,0.09821058467016
1341,0.068440682445044,0.0984075968101179
1342,0.0683038467376987,0.098605004159853
1343,0.0681672846104835,0.0988028075121631
1344,0.0680309955164205,0.0990010076614361
1345,0.0678949789096257,0.0991996054036537
1346,0.0677592342453063,0.0993986015363943
1347,0.0676237609797588,0.0995979968588361
1348,0.0674885585703666,0.0997977921717606
1349,0.0673536264755981,0.0999979882775558
1350,0.0672189641550045,0.100198585980219
1351,0.0670845710692173,0.100399586085361
1352,0.0669504466799466,0.100600989400207
1353,0.0668165904499786,0.100802796733604
1354,0.0666830018431735,0.101005008896019
1355,0.0665496803244635,0.101207626699547
1356,0.0664166253598507,0.101410650957911
1357,0.0662838364164046,0.101614082486466
1358,0.0661513129622605,0.101817922102203
1359,0.0660190544666168,0.102022170623753
1360,0.0658870603997332,0.102226828871387
1361,0.0657553302329286,0.102431897667024
1362,0.0656238634385791,0.102637377834229
1363,0.0654926594901152,0.102843270198221
1364,0.0653617178620207,0.103049575585874
1365,0.0652310380298297,0.103256294825721
1366,0.0651006194701251,0.103463428747956
1367,0.0649704616605363,0.10367097818444
1368,0.0648405640797369,0.1038789439687
1369,0.064710926207443,0.104087326935939
1370,0.0645815475244108,0.104296127923033
1371,0.0644524275124346,0.104505347768535
1372,0.0643235656543451,0.104714987312685
1373,0.0641949614340065,0.104925047397404
1374,0.0640666143363153,0.105135528866305
1375,0.0639385238471977,0.10534643256469
1376,0.0638106894536077,0.105557759339561
1377,0.0636831106435252,0.105769510039615
1378,0.0635557869059535,0.105981685515254
1379,0.0634287177309179,0.106194286618586
1380,0.0633019026094632,0.106407314203426
1381,0.0631753410336515,0.106620769125304
1382,0.0630490324965608,0.106834652241466
1383,0.0629229764922825,0.107048964410877
1384,0.0627971725159193,0.107263706494225
1385,0.0626716200635837,0.107478879353924
1386,0.0625463186323952,0.10769448385412
1387,0.0624212677204792,0.107910520860692
1388,0.0622964668269641,0.108126991241253
1389,0.06217191545198,0.108343895865161
1390,0.0620476130966563,0.108561235603515
1391,0.0619235592631196,0.108779011329161
1392,0.0617997534544924,0.108997223916699
1393,0.0616761951748902,0.10921587424248
1394,0.0615528839294201,0.109434963184616
1395,0.0614298192241786,0.109654491622977
1396,0.0613070005662497,0.109874460439202
1397,0.061184427463703,0.110094870516695
1398,0.0610620994255915,0.110315722740636
1399,0.0609400159619499,0.110537017997976
1400,0.0608181765837923,0.110758757177449
1401,0.0606965808031105,0.110980941169571
1402,0.0605752281328722,0.111203570866643
1403,0.0604541180870187,0.111426647162756
1404,0.0603332501804631,0.111650170953798
1405,0.0602126239290882,0.111874143137449
1406,0.0600922388497449,0.112098564613194
1407,0.0599720944602501,0.112323436282321
1408,0.0598521902793846,0.112548759047924
1409,0.0597325258268914,0.112774533814912
1410,0.0596131006234737,0.113000761490007
1411,0.059493914190793,0.11322744298175
1412,0.059374966051467,0.113454579200506
1413,0.059256255729068,0.113682171058465
1414,0.0591377827481209,0.113910219469647
1415,0.059019546634101,0.114138725349906
1416,0.0589015469134325,0.114367689616932
1417,0.0587837831134864,0.114597113190258
1418,0.0586662547625786,0.11482699699126
1419,0.0585489613899682,0.115057341943163
1420,0.0584319025258553,0.115288148971043
1421,0.0583150777013793,0.115519419001833
1422,0.0581984864486171,0.115751152964325
1423,0.0580821283005812,0.115983351789173
1424,0.0579660027912175,0.116216016408901
1425,0.0578501094554039,0.116449147757899
1426,0.0577344478289481,0.116682746772436
1427,0.0576190174485861,0.116916814390657
1428,0.05750381785198,0.117151351552588
1429,0.0573888485777161,0.117386359200143
1430,0.0572741091653035,0.117621838277124
1431,0.0571595991551717,0.117857789729227
1432,0.0570453180886693,0.118094214504043
1433,0.0569312655080617,0.118331113551068
1434,0.0568174409565296,0.118568487821699
1435,0.0567038439781669,0.118806338269242
1436,0.0565904741179791,0.119044665848918
1437,0.0564773309218814,0.119283471517861
1438,0.0563644139366968,0.119522756235127
1439,0.0562517227101544,0.119762520961696
1440,0.0561392567908875,0.120002766660473
1441,0.0560270157284318,0.120243494296298
1442,0.0559149990732238,0.120484704835945
1443,0.0558032063765987,0.120726399248127
1444,0.0556916371907886,0.120968578503501
1445,0.0555802910689211,0.121211243574671
1446,0.0554691675650171,0.121454395436192
1447,0.0553582662339892,0.121698035064574
1448,0.0552475866316398,0.121942163438285
1449,0.0551371283146595,0.122186781537757
1450,0.0550268908406252,0.122431890345389
1451,0.0549168737679983,0.122677490845549
1452,0.0548070766561231,0.122923584024582
1453,0.0546974990652247,0.123170170870809
1454,0.0545881405564077,0.123417252374537
1455,0.054479000691654,0.123664829528055
1456,0.0543700790338214,0.123912903325647
1457,0.0542613751466416,0.124161474763589
1458,0.0541528885947186,0.124410544840156
1459,0.0540446189435269,0.124660114555626
1460,0.0539365657594096,0.124910184912284
1461,0.0538287286095771,0.125160756914423
1462,0.0537211070621049,0.125411831568355
1463,0.0536137006859321,0.125663409882406
1464,0.0535065090508596,0.125915492866928
1465,0.0533995317275485,0.126168081534299
1466,0.0532927682875183,0.126421176898928
1467,0.0531862183031451,0.126674779977257
1468,0.05307988134766,0.126928891787769
1469,0.0529737569951472,0.127183513350991
1470,0.0528678448205427,0.127438645689493
1471,0.0527621443996322,0.127694289827902
1472,0.0526566553090497,0.127950446792896
1473,0.0525513771262753,0.128207117613215
1474,0.0524463094296342,0.12846430331966
1475,0.0523414517982946,0.128722004945103
1476,0.0522368038122659,0.128980223524486
1477,0.0521323650523975,0.129238960094828
1478,0.0520281351003765,0.129498215695227
1479,0.0519241135387266,0.129757991366867
1480,0.0518202999508061,0.130018288153019
1481,0.0517166939208062,0.13027910709905
1482,0.0516132950337496,0.130540449252419
1483,0.0515101028754885,0.130802315662691
1484,0.0514071170327033,0.131064707381534
1485,0.0513043370929006,0.131327625462726
1486,0.051201762644412,0.131591070962158
1487,0.0510993932763917,0.131855044937842
1488,0.0509972285788157,0.132119548449909
1489,0.0508952681424797,0.132384582560619
1490,0.0507935115589974,0.132650148334363
1491,0.0506919584207991,0.132916246837664
1492,0.0505906083211299,0.133182879139188
1493,0.0504894608540483,0.133450046309744
1494,0.0503885156144243,0.133717749422288
1495,0.0502877721979378,0.133985989551929
1496,0.0501872302010773,0.134254767775933
1497,0.0500868892211377,0.134524085173726
1498,0.0499867488562195,0.1347939428269
1499,0.0498868087052263,0.135064341819217
1500,0.0497870683678639,0.135335283236613
